{"_astro/image-17.df29adba_17kqEO.png":{"expires":1707226524250},"_astro/image-4.e1119df1_2bVczx.png":{"expires":1707226524253},"_astro/image-16.3bc0a3b9_ZJlS2F.png":{"expires":1707226524252},"_astro/nana.log.1a2324ba_Z1XgAIx.png":{"expires":1707226524249},"_astro/unified.7731b51b_ZFw0jw.png":{"expires":1707226524248},"_astro/image-20.d04581fa_VOrh2.png":{"expires":1707226524250},"_astro/image-18.be94c153_NPdzw.png":{"expires":1707226524250},"_astro/lodash.15dc1d67_Z1fjjHt.png":{"expires":1707226524250},"_astro/concurrent.71e2a00d_AK34Q.png":{"expires":1707226524249},"_astro/image-1.4e149fda_Z1doIqY.png":{"expires":1707226524251},"_astro/raycast-untitled.341581ef_Z1i3yWO.png":{"expires":1707226524250},"_astro/image-19.3afdddb9_2fsJ3P.png":{"expires":1707226524251},"_astro/image-14.9d52bcd7_Z159rlF.png":{"expires":1707226524252},"_astro/image-15.e052aeaf_UHwK9.png":{"expires":1707226524251},"_astro/image-2.df3f33a5_ZCjEjd.png":{"expires":1707226524252},"_astro/image-3.953032e0_1V9Wlp.png":{"expires":1707226524252},"_astro/useMemo.21bedc8c_Z1abxGK.png":{"expires":1707226524251},"_astro/lcp_8x2.145d7b1c_211j38.png":{"expires":1707226524252},"_astro/image-5.e42a7bae_Z2lShH7.png":{"expires":1707226524389},"_astro/image-4.e1119df1_Z1Dh3Ws.png":{"expires":1707226524253},"_astro/image-17.df29adba_Z1RGHv3.png":{"expires":1707226524250},"_astro/image-16.3bc0a3b9_Z77BUk.png":{"expires":1707226524252},"_astro/unified.7731b51b_1Yd1zQ.png":{"expires":1707226524248},"_astro/image-20.d04581fa_2gECkw.png":{"expires":1707226524250},"_astro/image.26119e03_6232X.png":{"expires":1707226524318},"_astro/lodash.15dc1d67_ZASugU.png":{"expires":1707226524250},"_astro/image-18.be94c153_1whNSM.png":{"expires":1707226524250},"_astro/concurrent.71e2a00d_2iPFxr.png":{"expires":1707226524249},"_astro/raycast-untitled.341581ef_Zsxkzg.png":{"expires":1707226524250},"_astro/image-19.3afdddb9_Z27gNqP.png":{"expires":1707226524251},"_astro/image-1.4e149fda_x3hCV.png":{"expires":1707226524251},"_astro/image-14.9d52bcd7_Z17KqHD.png":{"expires":1707226524252},"_astro/image-15.e052aeaf_Z3jH7M.png":{"expires":1707226524251},"_astro/image-3.953032e0_ZW1dQv.png":{"expires":1707226524252},"_astro/image-2.df3f33a5_4dnJg.png":{"expires":1707226524252},"_astro/lcp_8x2.145d7b1c_Gobf1.png":{"expires":1707226524252},"_astro/image-6.1ed3e5b5_Z1iQgka.png":{"expires":1707226524594},"_astro/useMemo.21bedc8c_2rP8q8.png":{"expires":1707226524251},"_astro/image-4.e1119df1_2blsEz.webp":{"expires":1707226524253},"_astro/image-5.e42a7bae_ZhPEDg.png":{"expires":1707226524389},"_astro/image-16.3bc0a3b9_Z2trUP9.webp":{"expires":1707226524252},"_astro/unified.7731b51b_ZwACoz.webp":{"expires":1707226524248},"_astro/image-20.d04581fa_ZSG30D.webp":{"expires":1707226524250},"_astro/image-17.df29adba_ZD8uJb.webp":{"expires":1707226524250},"_astro/image.26119e03_Z1ruLBQ.png":{"expires":1707226524318},"_astro/lodash.15dc1d67_27D5GG.webp":{"expires":1707226524250},"_astro/image-18.be94c153_7T8cx.webp":{"expires":1707226524250},"_astro/raycast-untitled.341581ef_Z1nH6Tv.png":{"expires":1707226524250},"_astro/image-19.3afdddb9_Z16jagd.webp":{"expires":1707226524251},"_astro/concurrent.71e2a00d_Z1qw3ym.webp":{"expires":1707226524249},"_astro/image-14.9d52bcd7_2cs3WE.webp":{"expires":1707226524252},"_astro/image-15.e052aeaf_Z1scgd5.webp":{"expires":1707226524251},"_astro/image-3.953032e0_ZJs7Gy.webp":{"expires":1707226524252},"_astro/image-1.4e149fda_Z1YiBJ0.webp":{"expires":1707226524251},"_astro/image-2.df3f33a5_15F2K5.webp":{"expires":1707226524252},"_astro/image-6.1ed3e5b5_20s4JQ.png":{"expires":1707226524594},"_astro/lcp_8x2.145d7b1c_1I8T0N.webp":{"expires":1707226524252},"_astro/useMemo.21bedc8c_1sMSxc.png":{"expires":1707226524251},"_astro/image-4.e1119df1_7bnI4.webp":{"expires":1707226524253},"_astro/image-16.3bc0a3b9_1GbOqI.webp":{"expires":1707226524252},"_astro/unified.7731b51b_N61Da.webp":{"expires":1707226524248},"_astro/image-17.df29adba_Z27Dywi.webp":{"expires":1707226524250},"_astro/image-20.d04581fa_ZugzLR.webp":{"expires":1707226524250},"_astro/image.26119e03_Z1MhD40.webp":{"expires":1707226524318},"_astro/lodash.15dc1d67_1NX8Ue.webp":{"expires":1707226524250},"_astro/image-18.be94c153_1R80HV.webp":{"expires":1707226524250},"_astro/raycast-untitled.341581ef_XvULC.webp":{"expires":1707226524250},"_astro/image-19.3afdddb9_CTHfb.webp":{"expires":1707226524251},"_astro/image-5.e42a7bae_Z1GV1cw.webp":{"expires":1707226524389},"_astro/image-14.9d52bcd7_REnMF.webp":{"expires":1707226524252},"_astro/concurrent.71e2a00d_Bl2LA.webp":{"expires":1707226524249},"_astro/image-15.e052aeaf_Z1s8WHr.webp":{"expires":1707226524251},"_astro/useMemo.21bedc8c_5R4f0.webp":{"expires":1707226524251},"_astro/image-3.953032e0_1fqLsN.webp":{"expires":1707226524252},"_astro/image-6.1ed3e5b5_jSNxl.webp":{"expires":1707226524594},"_astro/image-2.df3f33a5_2mF1f5.webp":{"expires":1707226524252},"_astro/lcp_8x2.145d7b1c_1qm5AI.webp":{"expires":1707226524252},"_astro/image-1.4e149fda_1KVtz7.webp":{"expires":1707226524251},"_astro/fid_8x2.ce47c44e_ZGFLCG.png":{"expires":1707226525119},"_astro/cls_8x2.10d8f0fe_jtOtv.png":{"expires":1707226525119},"_astro/image.26119e03_1113mV.webp":{"expires":1707226524318},"_astro/krOoeuQ4TWCbt9t6v5Wf.03c0c611_ZCcm77.png":{"expires":1707226525119},"_astro/tbt-blocking-time.f9b66eab_1fQ3Jq.png":{"expires":1707226525119},"_astro/image-5.e42a7bae_1k0zUG.webp":{"expires":1707226524389},"_astro/image-8.f88e14b8_Z12GOI4.png":{"expires":1707226525120},"_astro/image-10.0de7f6a8_Z1g5fFL.png":{"expires":1707226525120},"_astro/raycast-untitled.341581ef_Z28ropk.webp":{"expires":1707226524250},"_astro/image-9.1934b67b_Z1bz15a.png":{"expires":1707226525120},"_astro/image-7.56ca501b_14M9CV.png":{"expires":1707226525120},"_astro/image-11.79d4e72c_Zbvd2g.png":{"expires":1707226525216},"_astro/1_p8BBVAqCByV9kA24Vxo6Pg.9e54c4f5_Z22c48f.png":{"expires":1707226525246},"_astro/image-13.ff9a40e0_1Sdd2Q.png":{"expires":1707226525248},"_astro/image-6.1ed3e5b5_1qJCIa.webp":{"expires":1707226524594},"_astro/useMemo.21bedc8c_5UmJD.webp":{"expires":1707226524251},"_astro/fid_8x2.ce47c44e_Z21iTqN.png":{"expires":1707226525119},"_astro/cls_8x2.10d8f0fe_Z108ijB.png":{"expires":1707226525119},"_astro/krOoeuQ4TWCbt9t6v5Wf.03c0c611_Zg9gCm.png":{"expires":1707226525119},"_astro/tbt-blocking-time.f9b66eab_PKIEP.png":{"expires":1707226525119},"_astro/image-12.f809aed2_1OJEIO.png":{"expires":1707226525248},"_astro/image-8.f88e14b8_Z1bKCFW.png":{"expires":1707226525120},"_astro/image-10.0de7f6a8_GMlXF.png":{"expires":1707226525120},"_astro/image-9.1934b67b_ZzCNTK.png":{"expires":1707226525120},"_astro/1_p8BBVAqCByV9kA24Vxo6Pg.9e54c4f5_q22XP.png":{"expires":1707226525246},"_astro/image-13.ff9a40e0_2jJPGq.png":{"expires":1707226525248},"_astro/image-7.56ca501b_2lA2p4.png":{"expires":1707226525120},"_astro/image-11.79d4e72c_Z1WMccU.png":{"expires":1707226525216},"_astro/fid_8x2.ce47c44e_Z17yF8E.webp":{"expires":1707226525119},"_astro/cls_8x2.10d8f0fe_Z2mFoa.webp":{"expires":1707226525119},"_astro/tbt-blocking-time.f9b66eab_Z1ogidj.webp":{"expires":1707226525119},"_astro/krOoeuQ4TWCbt9t6v5Wf.03c0c611_19nhT8.webp":{"expires":1707226525119},"_astro/image-12.f809aed2_Z1lsc1.png":{"expires":1707226525248},"_astro/image-10.0de7f6a8_1IM8yx.webp":{"expires":1707226525120},"_astro/image-9.1934b67b_Z13wzDA.webp":{"expires":1707226525120},"_astro/image-8.f88e14b8_Z1CGWet.webp":{"expires":1707226525120},"_astro/1_p8BBVAqCByV9kA24Vxo6Pg.9e54c4f5_2jGwDg.png":{"expires":1707226525246},"_astro/image-13.ff9a40e0_Z2eN97P.webp":{"expires":1707226525248},"_astro/fid_8x2.ce47c44e_Z1pltxJ.webp":{"expires":1707226525119},"_astro/image-11.79d4e72c_ZwMw5f.webp":{"expires":1707226525216},"_astro/cls_8x2.10d8f0fe_Zk9tNf.webp":{"expires":1707226525119},"_astro/image-7.56ca501b_Z1V39GC.webp":{"expires":1707226525120},"_astro/tbt-blocking-time.f9b66eab_16BUTc.webp":{"expires":1707226525119},"_astro/krOoeuQ4TWCbt9t6v5Wf.03c0c611_2bxMnD.webp":{"expires":1707226525119},